{"initial_reset_timestamp": 1593538295.1340284, "timestamps": [1593538314.1906192], "episode_lengths": [1000], "episode_rewards": [1924.8133392430557], "episode_types": ["t"]}