{"initial_reset_timestamp": 1593683640.611397, "timestamps": [1593683653.4478362], "episode_lengths": [1000], "episode_rewards": [1820.5281496867046], "episode_types": ["t"]}