{"initial_reset_timestamp": 1593690092.925567, "timestamps": [1593690106.430223], "episode_lengths": [1000], "episode_rewards": [2514.234473751178], "episode_types": ["t"]}