{"initial_reset_timestamp": 1589893519.437456, "timestamps": [1589893520.763296], "episode_lengths": [14], "episode_rewards": [14.0], "episode_types": ["t"]}